Month,total_sale
12,4613443.34
10,3736726.88
4,3390670.24
11,3199603.2
5,3152606.75
3,2807100.38
7,2647775.7600000002
6,2577802.2600000002
8,2244467.88
2,2202022.42
9,2097560.13
1,1822256.73
